Auto5843724.43@qq.com,123456,Auto5843724.43
Auto5843725.46@163.com,123456,Auto5843725.46
Auto15843726.4@sina.com,123456,Auto15843726.4
Auto5843727.33@126.com,123456,Auto5843727.33
Auto5843728.25@163.com,123456,Auto5843728.25
Auto5843729.19@163.com,123456,Auto5843729.19
Auto5843730.11@qq.com,123456,Auto5843730.11
Auto5843731.05@qq.com,123456,Auto5843731.05
Auto5843732.17@126.com,123456,Auto5843732.17
Auto15843733.1@sina.com,123456,Auto15843733.1
Auto5843734.07@126.com,123456,Auto5843734.07
Auto5843735.12@sina.com,123456,Auto5843735.12
Auto5843736.06@qq.com,123456,Auto5843736.06
Auto5843737.01@126.com,123456,Auto5843737.01
Auto5843738.01@163.com,123456,Auto5843738.01
Auto5843738.95@126.com,123456,Auto5843738.95
Auto5843739.88@sina.com,123456,Auto5843739.88
Auto5843740.85@sina.com,123456,Auto5843740.85
Auto5843760.29@qq.com,123456,Auto5843760.29
Auto15843763.2@qq.com,123456,Auto15843763.2
Auto5843766.12@126.com,123456,Auto5843766.12
Auto15843769.1@163.com,123456,Auto15843769.1
Auto5843772.44@sina.com,123456,Auto5843772.44
Auto5843775.37@126.com,123456,Auto5843775.37
Auto5843778.32@qq.com,123456,Auto5843778.32
Auto15843781.6@qq.com,123456,Auto15843781.6
Auto5843784.55@qq.com,123456,Auto5843784.55
Auto5843787.53@163.com,123456,Auto5843787.53
Auto5843790.48@126.com,123456,Auto5843790.48
Auto5843793.51@sina.com,123456,Auto5843793.51
Auto5843796.44@126.com,123456,Auto5843796.44
Auto5843799.39@qq.com,123456,Auto5843799.39
Auto5843802.41@sina.com,123456,Auto5843802.41
Auto5843805.38@126.com,123456,Auto5843805.38
Auto5843808.29@126.com,123456,Auto5843808.29
Auto5843811.22@126.com,123456,Auto5843811.22
Auto5843814.16@sina.com,123456,Auto5843814.16
Auto15843817.1@126.com,123456,Auto15843817.1
Auto5843820.09@qq.com,123456,Auto5843820.09
Auto15843823.1@sina.com,123456,Auto15843823.1
Auto5843826.17@163.com,123456,Auto5843826.17
Auto5843829.16@qq.com,123456,Auto5843829.16
Auto5843832.19@126.com,123456,Auto5843832.19
Auto5843835.23@163.com,123456,Auto5843835.23
Auto5843838.42@sina.com,123456,Auto5843838.42
Auto5843841.47@qq.com,123456,Auto5843841.47
Auto5843844.45@126.com,123456,Auto5843844.45
Auto15843847.5@sina.com,123456,Auto15843847.5
Auto5843850.45@sina.com,123456,Auto5843850.45
Auto5843853.48@163.com,123456,Auto5843853.48
Auto5843856.43@sina.com,123456,Auto5843856.43
Auto5843859.39@qq.com,123456,Auto5843859.39
Auto15843862.4@163.com,123456,Auto15843862.4
Auto5843865.36@qq.com,123456,Auto5843865.36
Auto5843868.41@163.com,123456,Auto5843868.41
Auto5843871.35@126.com,123456,Auto5843871.35
Auto5843874.33@126.com,123456,Auto5843874.33
Auto5843877.29@126.com,123456,Auto5843877.29
Auto5843880.26@sina.com,123456,Auto5843880.26
Auto15843883.6@163.com,123456,Auto15843883.6
Auto5843886.57@sina.com,123456,Auto5843886.57
Auto5843889.83@163.com,123456,Auto5843889.83
Auto5843892.86@sina.com,123456,Auto5843892.86
Auto5843895.81@qq.com,123456,Auto5843895.81
Auto5843898.76@qq.com,123456,Auto5843898.76
Auto5843901.81@sina.com,123456,Auto5843901.81
Auto5843904.77@126.com,123456,Auto5843904.77
Auto5843907.78@sina.com,123456,Auto5843907.78
Auto5860222.09@sina.com,123456,Auto5860222.09
Auto5860245.14@163.com,123456,Auto5860245.14
Auto5860247.36@126.com,123456,Auto5860247.36
Auto5860249.28@qq.com,123456,Auto5860249.28
Auto5860251.19@126.com,123456,Auto5860251.19
Auto5860253.21@qq.com,123456,Auto5860253.21
Auto5860255.14@126.com,123456,Auto5860255.14
Auto5860257.07@126.com,123456,Auto5860257.07
Auto5860259.03@126.com,123456,Auto5860259.03
Auto5860260.97@qq.com,123456,Auto5860260.97
Auto5860262.88@126.com,123456,Auto5860262.88
Auto5860265.16@126.com,123456,Auto5860265.16
Auto5860267.12@163.com,123456,Auto5860267.12
Auto5860269.09@163.com,123456,Auto5860269.09
Auto5860271.08@sina.com,123456,Auto5860271.08
Auto5860273.02@sina.com,123456,Auto5860273.02
Auto5860274.98@qq.com,123456,Auto5860274.98
Auto5860276.93@qq.com,123456,Auto5860276.93
Auto5860278.93@126.com,123456,Auto5860278.93
Auto5860280.86@126.com,123456,Auto5860280.86
Auto5860282.92@sina.com,123456,Auto5860282.92
Auto5860284.84@qq.com,123456,Auto5860284.84
Auto5860286.78@qq.com,123456,Auto5860286.78
Auto15860288.8@sina.com,123456,Auto15860288.8
Auto5860291.52@163.com,123456,Auto5860291.52
Auto5860293.46@126.com,123456,Auto5860293.46
Auto5860295.47@qq.com,123456,Auto5860295.47
Auto5860297.42@163.com,123456,Auto5860297.42
Auto5860299.34@sina.com,123456,Auto5860299.34
Auto5860301.26@126.com,123456,Auto5860301.26
Auto5860303.37@sina.com,123456,Auto5860303.37
Auto5860305.36@163.com,123456,Auto5860305.36
Auto5860307.32@sina.com,123456,Auto5860307.32
Auto5860309.27@qq.com,123456,Auto5860309.27
Auto5860311.22@163.com,123456,Auto5860311.22
Auto5860313.17@126.com,123456,Auto5860313.17
Auto5860315.09@qq.com,123456,Auto5860315.09
Auto5860317.13@163.com,123456,Auto5860317.13
Auto5860319.07@sina.com,123456,Auto5860319.07
Auto5860321.13@qq.com,123456,Auto5860321.13
Auto5860323.18@163.com,123456,Auto5860323.18
Auto5860325.14@qq.com,123456,Auto5860325.14
Auto5860327.24@163.com,123456,Auto5860327.24
Auto5860329.28@163.com,123456,Auto5860329.28
Auto5860331.32@163.com,123456,Auto5860331.32
Auto15860333.3@sina.com,123456,Auto15860333.3
Auto5860335.33@126.com,123456,Auto5860335.33
Auto5860337.27@126.com,123456,Auto5860337.27
Auto5860339.21@126.com,123456,Auto5860339.21
Auto5860341.23@126.com,123456,Auto5860341.23
Auto5860343.14@163.com,123456,Auto5860343.14
Auto3217375.53@163.com,123456,Auto3217375.53
Auto3217377.47@sina.com,123456,Auto3217377.47
Auto3217379.45@126.com,123456,Auto3217379.45
Auto3217381.36@126.com,123456,Auto3217381.36
Auto3217383.26@sina.com,123456,Auto3217383.26
Auto3217385.18@sina.com,123456,Auto3217385.18
Auto3217387.12@163.com,123456,Auto3217387.12
Auto3217389.08@sina.com,123456,Auto3217389.08
Auto3217391.09@sina.com,123456,Auto3217391.09
Auto3217393.04@163.com,123456,Auto3217393.04
Auto3217394.99@qq.com,123456,Auto3217394.99
Auto3217397.09@qq.com,123456,Auto3217397.09
Auto3217399.08@qq.com,123456,Auto3217399.08
Auto3217401.02@qq.com,123456,Auto3217401.02
Auto3217402.97@163.com,123456,Auto3217402.97
Auto3217404.95@sina.com,123456,Auto3217404.95
Auto3217406.93@163.com,123456,Auto3217406.93
Auto3217408.91@126.com,123456,Auto3217408.91
Auto3217410.87@126.com,123456,Auto3217410.87
Auto3217412.82@126.com,123456,Auto3217412.82
Auto3217414.83@163.com,123456,Auto3217414.83
Auto3217416.78@qq.com,123456,Auto3217416.78
Auto3217418.76@126.com,123456,Auto3217418.76
Auto3217420.78@qq.com,123456,Auto3217420.78
Auto3217422.92@163.com,123456,Auto3217422.92
Auto23217424.9@sina.com,123456,Auto23217424.9
Auto23217427.0@qq.com,123456,Auto23217427.0
Auto3217429.06@163.com,123456,Auto3217429.06
Auto3217431.04@sina.com,123456,Auto3217431.04
Auto3217433.08@163.com,123456,Auto3217433.08
Auto23217435.3@163.com,123456,Auto23217435.3
Auto23217437.3@163.com,123456,Auto23217437.3
Auto3217439.44@163.com,123456,Auto3217439.44
Auto3217441.37@163.com,123456,Auto3217441.37
Auto3217443.38@sina.com,123456,Auto3217443.38
Auto3217445.57@126.com,123456,Auto3217445.57
Auto3217447.61@sina.com,123456,Auto3217447.61
Auto3217449.56@126.com,123456,Auto3217449.56
Auto3217451.64@sina.com,123456,Auto3217451.64
Auto23217453.7@126.com,123456,Auto23217453.7
Auto3217455.71@sina.com,123456,Auto3217455.71
Auto3217457.78@sina.com,123456,Auto3217457.78
Auto3217459.88@163.com,123456,Auto3217459.88
Auto3217461.87@126.com,123456,Auto3217461.87
Auto3217463.87@126.com,123456,Auto3217463.87
Auto3217465.82@sina.com,123456,Auto3217465.82
Auto3217467.79@126.com,123456,Auto3217467.79
Auto23217469.9@126.com,123456,Auto23217469.9
Auto3217471.88@126.com,123456,Auto3217471.88
Auto3217473.84@qq.com,123456,Auto3217473.84
Auto3217475.82@sina.com,123456,Auto3217475.82
Auto3217478.07@qq.com,123456,Auto3217478.07
Auto3217480.07@qq.com,123456,Auto3217480.07
Auto3217481.99@126.com,123456,Auto3217481.99
Auto3217484.14@163.com,123456,Auto3217484.14
Auto3217486.14@126.com,123456,Auto3217486.14
Auto3217488.18@sina.com,123456,Auto3217488.18
Auto3217490.24@sina.com,123456,Auto3217490.24
Auto3217492.22@126.com,123456,Auto3217492.22
Auto3217494.21@sina.com,123456,Auto3217494.21
Auto3217496.18@qq.com,123456,Auto3217496.18
Auto3217498.16@qq.com,123456,Auto3217498.16
Auto3217500.11@sina.com,123456,Auto3217500.11
Auto23217502.1@sina.com,123456,Auto23217502.1
Auto3217504.08@126.com,123456,Auto3217504.08
Auto3217506.06@163.com,123456,Auto3217506.06
Auto3217508.09@163.com,123456,Auto3217508.09
Auto3217510.04@126.com,123456,Auto3217510.04
Auto3217512.02@sina.com,123456,Auto3217512.02
Auto3217514.06@sina.com,123456,Auto3217514.06
Auto3217516.11@sina.com,123456,Auto3217516.11
Auto3217518.06@163.com,123456,Auto3217518.06
Auto3217520.12@163.com,123456,Auto3217520.12
Auto3217522.19@126.com,123456,Auto3217522.19
Auto3217524.14@126.com,123456,Auto3217524.14
Auto3217526.21@qq.com,123456,Auto3217526.21
Auto3217528.33@qq.com,123456,Auto3217528.33
Auto3217530.31@163.com,123456,Auto3217530.31
Auto3217532.29@qq.com,123456,Auto3217532.29
Auto3217534.43@sina.com,123456,Auto3217534.43
Auto3217536.35@126.com,123456,Auto3217536.35
Auto3217538.29@qq.com,123456,Auto3217538.29
Auto3217540.34@126.com,123456,Auto3217540.34
Auto3217542.28@qq.com,123456,Auto3217542.28
Auto3217544.27@126.com,123456,Auto3217544.27
Auto3217546.26@qq.com,123456,Auto3217546.26
Auto3217548.24@126.com,123456,Auto3217548.24
Auto3217550.24@qq.com,123456,Auto3217550.24
Auto3217552.23@sina.com,123456,Auto3217552.23
Auto3217554.24@126.com,123456,Auto3217554.24
Auto3217556.31@163.com,123456,Auto3217556.31
Auto3217558.27@sina.com,123456,Auto3217558.27
Auto3217560.26@163.com,123456,Auto3217560.26
Auto3217562.24@qq.com,123456,Auto3217562.24
Auto3217564.28@sina.com,123456,Auto3217564.28
Auto3217566.32@qq.com,123456,Auto3217566.32
Auto3217568.31@163.com,123456,Auto3217568.31
Auto3217570.38@126.com,123456,Auto3217570.38
Auto3217572.41@sina.com,123456,Auto3217572.41
Auto3217574.41@126.com,123456,Auto3217574.41
Auto3217576.49@qq.com,123456,Auto3217576.49
Auto3217578.39@qq.com,123456,Auto3217578.39
Auto3217580.38@163.com,123456,Auto3217580.38
Auto3217582.35@163.com,123456,Auto3217582.35
Auto3217584.34@sina.com,123456,Auto3217584.34
Auto3217586.31@126.com,123456,Auto3217586.31
Auto3217588.29@126.com,123456,Auto3217588.29
Auto3217590.23@126.com,123456,Auto3217590.23
Auto3217592.19@126.com,123456,Auto3217592.19
Auto3217594.15@qq.com,123456,Auto3217594.15
Auto3217596.17@126.com,123456,Auto3217596.17
Auto3217598.12@qq.com,123456,Auto3217598.12
Auto3217600.09@163.com,123456,Auto3217600.09
Auto3217602.15@126.com,123456,Auto3217602.15
Auto3217604.24@qq.com,123456,Auto3217604.24
Auto3217606.26@sina.com,123456,Auto3217606.26
Auto3217608.34@sina.com,123456,Auto3217608.34
Auto3217610.39@qq.com,123456,Auto3217610.39
Auto3217612.37@163.com,123456,Auto3217612.37
Auto3217614.51@sina.com,123456,Auto3217614.51
Auto3217616.49@qq.com,123456,Auto3217616.49
Auto3217621.65@126.com,123456,Auto3217621.65
Auto3217623.59@163.com,123456,Auto3217623.59
Auto3217625.55@sina.com,123456,Auto3217625.55
Auto3217627.49@126.com,123456,Auto3217627.49
Auto3217629.52@126.com,123456,Auto3217629.52
Auto3217631.46@qq.com,123456,Auto3217631.46
Auto3217631.59@sina.com,123456,Auto3217631.59
Auto3217633.43@163.com,123456,Auto3217633.43
Auto3217633.77@163.com,123456,Auto3217633.77
Auto3217635.76@126.com,123456,Auto3217635.76
Auto3217635.81@sina.com,123456,Auto3217635.81
Auto3217637.75@126.com,123456,Auto3217637.75
Auto3217637.83@sina.com,123456,Auto3217637.83
Auto3217639.95@sina.com,123456,Auto3217639.95
Auto3217640.08@qq.com,123456,Auto3217640.08
Auto3217642.11@sina.com,123456,Auto3217642.11
Auto3217642.09@126.com,123456,Auto3217642.09
Auto3217644.12@126.com,123456,Auto3217644.12
Auto3217644.14@sina.com,123456,Auto3217644.14
Auto3217646.24@sina.com,123456,Auto3217646.24
Auto3217646.14@163.com,123456,Auto3217646.14
Auto3217648.26@126.com,123456,Auto3217648.26
Auto3217648.34@sina.com,123456,Auto3217648.34
Auto3217650.58@qq.com,123456,Auto3217650.58
Auto23217650.5@sina.com,123456,Auto23217650.5
Auto3217652.65@163.com,123456,Auto3217652.65
Auto3217652.72@sina.com,123456,Auto3217652.72
Auto3217654.23@126.com,123456,Auto3217654.23
Auto3217654.87@126.com,123456,Auto3217654.87
Auto3217654.95@sina.com,123456,Auto3217654.95
Auto3217656.72@126.com,123456,Auto3217656.72
Auto3217657.13@qq.com,123456,Auto3217657.13
Auto23217657.2@qq.com,123456,Auto23217657.2
Auto3217658.59@sina.com,123456,Auto3217658.59
Auto3217659.31@sina.com,123456,Auto3217659.31
Auto3217659.78@qq.com,123456,Auto3217659.78
Auto3217660.54@163.com,123456,Auto3217660.54
Auto23217661.3@126.com,123456,Auto23217661.3
Auto3217661.96@163.com,123456,Auto3217661.96
Auto23217662.7@qq.com,123456,Auto23217662.7
Auto23217663.4@sina.com,123456,Auto23217663.4
Auto3217664.07@sina.com,123456,Auto3217664.07
Auto3217664.68@qq.com,123456,Auto3217664.68
Auto3217665.41@163.com,123456,Auto3217665.41
Auto3217666.16@163.com,123456,Auto3217666.16
Auto3217666.79@126.com,123456,Auto3217666.79
Auto3217667.42@126.com,123456,Auto3217667.42
Auto3217668.23@qq.com,123456,Auto3217668.23
Auto3217668.81@163.com,123456,Auto3217668.81
Auto3217669.51@163.com,123456,Auto3217669.51
Auto3217670.28@126.com,123456,Auto3217670.28
Auto3217670.87@126.com,123456,Auto3217670.87
Auto3217672.36@163.com,123456,Auto3217672.36
Auto3217672.28@sina.com,123456,Auto3217672.28
Auto3217672.99@sina.com,123456,Auto3217672.99
Auto3217674.48@126.com,123456,Auto3217674.48
Auto23217674.5@163.com,123456,Auto23217674.5
Auto3217675.08@qq.com,123456,Auto3217675.08
Auto3217676.61@126.com,123456,Auto3217676.61
Auto3217677.14@163.com,123456,Auto3217677.14
Auto3217678.71@163.com,123456,Auto3217678.71
Auto3217679.14@sina.com,123456,Auto3217679.14
Auto3217680.69@163.com,123456,Auto3217680.69
Auto3217681.11@sina.com,123456,Auto3217681.11
Auto3217682.76@126.com,123456,Auto3217682.76
Auto3217683.12@qq.com,123456,Auto3217683.12
Auto3217684.82@qq.com,123456,Auto3217684.82
Auto3217685.22@126.com,123456,Auto3217685.22
Auto3217686.96@126.com,123456,Auto3217686.96
Auto3217687.21@163.com,123456,Auto3217687.21
Auto3217688.95@163.com,123456,Auto3217688.95
Auto3217689.19@163.com,123456,Auto3217689.19
Auto3217691.06@qq.com,123456,Auto3217691.06
Auto3217691.21@sina.com,123456,Auto3217691.21
Auto3217693.08@163.com,123456,Auto3217693.08
Auto3217693.22@qq.com,123456,Auto3217693.22
Auto3217695.08@163.com,123456,Auto3217695.08
Auto3217695.17@sina.com,123456,Auto3217695.17
Auto3217697.28@163.com,123456,Auto3217697.28
Auto3217697.22@163.com,123456,Auto3217697.22
Auto3217699.22@qq.com,123456,Auto3217699.22
Auto3217699.28@126.com,123456,Auto3217699.28
Auto3217701.28@qq.com,123456,Auto3217701.28
Auto3217701.32@163.com,123456,Auto3217701.32
Auto3217703.53@qq.com,123456,Auto3217703.53
Auto3217703.52@qq.com,123456,Auto3217703.52
Auto3217705.58@qq.com,123456,Auto3217705.58
Auto3217705.63@sina.com,123456,Auto3217705.63
Auto3217707.96@qq.com,123456,Auto3217707.96
Auto3217708.16@163.com,123456,Auto3217708.16
Auto23217710.0@qq.com,123456,Auto23217710.0
Auto3217710.17@sina.com,123456,Auto3217710.17
Auto3217712.03@126.com,123456,Auto3217712.03
Auto23217712.2@qq.com,123456,Auto23217712.2
Auto3217714.07@163.com,123456,Auto3217714.07
Auto3217714.23@163.com,123456,Auto3217714.23
Auto3217716.16@126.com,123456,Auto3217716.16
Auto3217716.24@qq.com,123456,Auto3217716.24
Auto3217718.13@126.com,123456,Auto3217718.13
Auto3217718.27@sina.com,123456,Auto3217718.27
Auto3217720.12@126.com,123456,Auto3217720.12
Auto3217720.25@qq.com,123456,Auto3217720.25
Auto3217722.17@163.com,123456,Auto3217722.17
Auto3217722.25@sina.com,123456,Auto3217722.25
Auto3217724.24@126.com,123456,Auto3217724.24
Auto3217724.28@sina.com,123456,Auto3217724.28
Auto3217726.28@qq.com,123456,Auto3217726.28
Auto23217726.3@163.com,123456,Auto23217726.3
Auto3217728.33@sina.com,123456,Auto3217728.33
Auto23217728.4@163.com,123456,Auto23217728.4
Auto3217730.36@163.com,123456,Auto3217730.36
Auto3217730.41@163.com,123456,Auto3217730.41
Auto3217732.34@163.com,123456,Auto3217732.34
Auto3217732.43@126.com,123456,Auto3217732.43
Auto3217734.44@163.com,123456,Auto3217734.44
Auto3217734.55@sina.com,123456,Auto3217734.55
Auto3217736.52@qq.com,123456,Auto3217736.52
Auto3217736.62@sina.com,123456,Auto3217736.62
Auto3217738.54@sina.com,123456,Auto3217738.54
Auto3217738.66@sina.com,123456,Auto3217738.66
Auto3217740.35@126.com,123456,Auto3217740.35
Auto23217740.8@sina.com,123456,Auto3217740.81
Auto3217742.34@qq.com,123456,Auto3217742.34
Auto3217742.81@qq.com,123456,Auto3217742.81
Auto3217744.29@163.com,123456,Auto3217744.29
Auto3217744.83@sina.com,123456,Auto3217744.83
Auto3217746.23@126.com,123456,Auto3217746.23
Auto3217746.96@qq.com,123456,Auto3217746.96
Auto3217748.31@163.com,123456,Auto3217748.31
Auto3217749.07@sina.com,123456,Auto3217749.07
Auto23217750.3@126.com,123456,Auto23217750.3
Auto3217751.11@163.com,123456,Auto3217751.11
Auto3217752.26@sina.com,123456,Auto3217752.26
Auto3217753.21@sina.com,123456,Auto3217753.21
Auto3217754.21@126.com,123456,Auto3217754.21
Auto3217755.43@163.com,123456,Auto3217755.43
Auto3217756.15@sina.com,123456,Auto3217756.15
Auto3217757.55@sina.com,123456,Auto3217757.55
Auto3217758.15@126.com,123456,Auto3217758.15
Auto3217759.66@163.com,123456,Auto3217759.66
Auto3217760.13@qq.com,123456,Auto3217760.13
Auto3217761.81@126.com,123456,Auto3217761.81
Auto3217762.19@163.com,123456,Auto3217762.19
Auto3217763.94@126.com,123456,Auto3217763.94
Auto23217764.2@163.com,123456,Auto23217764.2
Auto23217766.0@sina.com,123456,Auto23217766.0
Auto3217766.23@163.com,123456,Auto3217766.23
Auto3217768.01@126.com,123456,Auto3217768.01
Auto3217768.23@sina.com,123456,Auto3217768.23
Auto23217770.0@126.com,123456,Auto23217770.0
Auto3217770.23@sina.com,123456,Auto3217770.23
Auto3217772.13@sina.com,123456,Auto3217772.13
Auto3217772.31@sina.com,123456,Auto3217772.31
Auto3217774.16@sina.com,123456,Auto3217774.16
Auto3217774.44@sina.com,123456,Auto3217774.44
Auto3217776.18@qq.com,123456,Auto3217776.18
Auto3217776.45@126.com,123456,Auto3217776.45
Auto23217778.3@126.com,123456,Auto23217778.3
Auto3217778.56@163.com,123456,Auto3217778.56
Auto3217780.34@126.com,123456,Auto3217780.34
Auto3217780.57@qq.com,123456,Auto3217780.57
Auto3217782.33@126.com,123456,Auto3217782.33
Auto3217782.54@qq.com,123456,Auto3217782.54
Auto3217784.64@qq.com,123456,Auto3217784.64
Auto3217784.46@126.com,123456,Auto3217784.46
Auto3217786.38@126.com,123456,Auto3217786.38
Auto3217786.34@qq.com,123456,Auto3217786.34
Auto3217788.38@126.com,123456,Auto3217788.38
Auto3217788.46@sina.com,123456,Auto3217788.46
Auto3217790.37@sina.com,123456,Auto3217790.37
Auto3217790.45@qq.com,123456,Auto3217790.45
Auto3217792.37@qq.com,123456,Auto3217792.37
Auto3217792.44@sina.com,123456,Auto3217792.44
Auto3217794.36@qq.com,123456,Auto3217794.36
Auto3217794.49@qq.com,123456,Auto3217794.49
Auto3217796.35@126.com,123456,Auto3217796.35
Auto3217796.61@sina.com,123456,Auto3217796.61
Auto3217801.49@163.com,123456,Auto3217801.49
Auto3217801.87@sina.com,123456,Auto3217801.87
Auto3217803.54@qq.com,123456,Auto3217803.54
Auto3217803.91@126.com,123456,Auto3217803.91
Auto3217805.58@sina.com,123456,Auto3217805.58
Auto3217806.04@sina.com,123456,Auto3217806.04
Auto3217807.55@sina.com,123456,Auto3217807.55
Auto3217808.06@126.com,123456,Auto3217808.06
Auto3217809.66@sina.com,123456,Auto3217809.66
Auto3217810.14@qq.com,123456,Auto3217810.14
Auto3217811.76@sina.com,123456,Auto3217811.76
Auto3217812.24@sina.com,123456,Auto3217812.24
Auto3217813.82@126.com,123456,Auto3217813.82
Auto3217814.29@sina.com,123456,Auto3217814.29
Auto3217815.79@sina.com,123456,Auto3217815.79
Auto3217816.42@sina.com,123456,Auto3217816.42
Auto3217817.89@sina.com,123456,Auto3217817.89
Auto3217818.48@qq.com,123456,Auto3217818.48
Auto3217819.86@163.com,123456,Auto3217819.86
Auto3217820.48@163.com,123456,Auto3217820.48
Auto3217821.85@126.com,123456,Auto3217821.85
Auto3217822.61@126.com,123456,Auto3217822.61
Auto3217823.95@sina.com,123456,Auto3217823.95
Auto23217824.7@126.com,123456,Auto23217824.7
Auto3217825.88@sina.com,123456,Auto3217825.88
Auto23217826.7@sina.com,123456,Auto23217826.7
Auto3217827.83@qq.com,123456,Auto3217827.83
Auto23217828.8@163.com,123456,Auto23217828.8
Auto3217830.02@163.com,123456,Auto3217830.02
Auto3217830.92@qq.com,123456,Auto3217830.92
Auto3217832.04@qq.com,123456,Auto3217832.04
Auto3217832.96@126.com,123456,Auto3217832.96
Auto3217834.01@126.com,123456,Auto3217834.01
Auto3217835.07@126.com,123456,Auto3217835.07
Auto23217836.0@126.com,123456,Auto23217836.0
Auto3217837.13@sina.com,123456,Auto3217837.13
Auto23217838.1@sina.com,123456,Auto23217838.1
Auto3217839.24@126.com,123456,Auto3217839.24
Auto3217840.06@163.com,123456,Auto3217840.06
Auto3217841.44@126.com,123456,Auto3217841.44
Auto3217842.04@sina.com,123456,Auto3217842.04
Auto3217843.52@qq.com,123456,Auto3217843.52
Auto3217844.04@126.com,123456,Auto3217844.04
Auto3217845.52@qq.com,123456,Auto3217845.52
Auto3217846.04@126.com,123456,Auto3217846.04
Auto3217847.62@sina.com,123456,Auto3217847.62
Auto3217848.07@126.com,123456,Auto3217848.07
Auto3217849.72@sina.com,123456,Auto3217849.72
Auto3217850.04@qq.com,123456,Auto3217850.04
Auto3217851.75@sina.com,123456,Auto3217851.75
Auto3217852.08@126.com,123456,Auto3217852.08
Auto3217853.93@sina.com,123456,Auto3217853.93
Auto3217854.12@qq.com,123456,Auto3217854.12
Auto3217855.99@qq.com,123456,Auto3217855.99
Auto3217856.13@sina.com,123456,Auto3217856.13
Auto3217858.26@sina.com,123456,Auto3217858.26
Auto3217858.22@163.com,123456,Auto3217858.22
Auto3217860.27@163.com,123456,Auto3217860.27
Auto3217860.41@sina.com,123456,Auto3217860.41
Auto3217862.25@126.com,123456,Auto3217862.25
Auto3217862.56@qq.com,123456,Auto3217862.56
Auto3217864.24@sina.com,123456,Auto3217864.24
Auto23217864.6@163.com,123456,Auto23217864.6
Auto3217866.29@sina.com,123456,Auto3217866.29
Auto3217866.82@sina.com,123456,Auto3217866.82
Auto23217868.3@126.com,123456,Auto23217868.3
Auto3217869.05@163.com,123456,Auto3217869.05
Auto3217870.29@163.com,123456,Auto3217870.29
Auto3217871.06@163.com,123456,Auto3217871.06
Auto3217872.32@163.com,123456,Auto3217872.32
Auto3217873.19@qq.com,123456,Auto3217873.19
Auto3217874.35@qq.com,123456,Auto3217874.35
Auto3217875.29@163.com,123456,Auto3217875.29
Auto3217876.29@163.com,123456,Auto3217876.29
Auto3217877.33@126.com,123456,Auto3217877.33
Auto3217878.29@126.com,123456,Auto3217878.29
Auto3217879.42@163.com,123456,Auto3217879.42
Auto3217880.33@126.com,123456,Auto3217880.33
Auto3217881.43@sina.com,123456,Auto3217881.43
Auto3217882.29@sina.com,123456,Auto3217882.29
Auto23217884.0@sina.com,123456,Auto23217884.0
Auto3217884.36@126.com,123456,Auto3217884.36
Auto3217886.04@qq.com,123456,Auto3217886.04
Auto3217886.51@qq.com,123456,Auto3217886.51
Auto3217888.09@sina.com,123456,Auto3217888.09
Auto3217888.48@sina.com,123456,Auto3217888.48
Auto3217890.42@sina.com,123456,Auto3217890.42
Auto3217890.06@qq.com,123456,Auto3217890.06
Auto3217892.46@sina.com,123456,Auto3217892.46
Auto3217892.55@sina.com,123456,Auto3217892.55
Auto3217894.64@sina.com,123456,Auto3217894.64
Auto3217896.62@163.com,123456,Auto3217896.62
Auto3217898.54@163.com,123456,Auto3217898.54
Auto3217900.49@163.com,123456,Auto3217900.49
Auto3217902.44@sina.com,123456,Auto3217902.44
Auto3217904.37@sina.com,123456,Auto3217904.37
Auto3217906.35@163.com,123456,Auto3217906.35
Auto3217908.33@qq.com,123456,Auto3217908.33
Auto3217910.33@163.com,123456,Auto3217910.33
Auto3217912.28@sina.com,123456,Auto3217912.28
Auto3217914.25@qq.com,123456,Auto3217914.25
Auto23217916.3@163.com,123456,Auto23217916.3
Auto3217918.26@126.com,123456,Auto3217918.26
Auto23217920.2@sina.com,123456,Auto23217920.2
Auto3217922.24@sina.com,123456,Auto3217922.24
Auto23217924.3@qq.com,123456,Auto23217924.3
Auto3217926.23@163.com,123456,Auto3217926.23
Auto3217928.19@126.com,123456,Auto3217928.19
Auto3217930.27@126.com,123456,Auto3217930.27
Auto3217932.21@126.com,123456,Auto3217932.21
Auto3217934.15@sina.com,123456,Auto3217934.15
Auto3217936.19@sina.com,123456,Auto3217936.19
Auto3217938.22@163.com,123456,Auto3217938.22
Auto23217940.3@126.com,123456,Auto23217940.3
Auto3217942.28@163.com,123456,Auto3217942.28
Auto3217944.28@126.com,123456,Auto3217944.28
Auto3217946.24@126.com,123456,Auto3217946.24
Auto3217948.23@sina.com,123456,Auto3217948.23
Auto23217950.2@163.com,123456,Auto23217950.2
Auto3217952.17@qq.com,123456,Auto3217952.17
Auto23217954.1@sina.com,123456,Auto23217954.1
Auto23217956.1@sina.com,123456,Auto23217956.1
Auto3217958.06@sina.com,123456,Auto3217958.06
Auto3217960.07@sina.com,123456,Auto3217960.07
Auto3217962.09@163.com,123456,Auto3217962.09
Auto3217964.03@126.com,123456,Auto3217964.03
Auto3217966.05@qq.com,123456,Auto3217966.05
Auto3217968.06@sina.com,123456,Auto3217968.06
Auto23217970.0@qq.com,123456,Auto23217970.0
Auto3217971.92@qq.com,123456,Auto3217971.92
Auto3217973.99@qq.com,123456,Auto3217973.99
Auto3217975.98@126.com,123456,Auto3217975.98
Auto3217977.96@163.com,123456,Auto3217977.96
Auto3217980.03@qq.com,123456,Auto3217980.03
Auto3217982.04@126.com,123456,Auto3217982.04
Auto3217984.02@163.com,123456,Auto3217984.02
Auto3217985.99@sina.com,123456,Auto3217985.99
Auto23217988.0@qq.com,123456,Auto23217988.0
Auto3217989.99@163.com,123456,Auto3217989.99
Auto3217991.94@sina.com,123456,Auto3217991.94
Auto3217993.92@126.com,123456,Auto3217993.92
Auto3217995.88@126.com,123456,Auto3217995.88
Auto3217997.92@qq.com,123456,Auto3217997.92
Auto3217999.85@qq.com,123456,Auto3217999.85
Auto3218001.81@126.com,123456,Auto3218001.81
Auto3218003.88@qq.com,123456,Auto3218003.88
Auto3218005.91@126.com,123456,Auto3218005.91
Auto3218007.86@163.com,123456,Auto3218007.86
Auto3218009.95@sina.com,123456,Auto3218009.95
Auto3218011.94@qq.com,123456,Auto3218011.94
Auto3218013.88@126.com,123456,Auto3218013.88
Auto3218015.97@sina.com,123456,Auto3218015.97
Auto3218017.99@qq.com,123456,Auto3218017.99
Auto3218019.95@sina.com,123456,Auto3218019.95
Auto3218021.92@126.com,123456,Auto3218021.92
Auto3218024.12@163.com,123456,Auto3218024.12
Auto3218026.07@163.com,123456,Auto3218026.07
Auto3218028.03@163.com,123456,Auto3218028.03
Auto3218030.21@qq.com,123456,Auto3218030.21
Auto3218032.13@qq.com,123456,Auto3218032.13
Auto3218034.07@qq.com,123456,Auto3218034.07
Auto3218036.15@163.com,123456,Auto3218036.15
Auto3218038.11@163.com,123456,Auto3218038.11
Auto3218040.04@qq.com,123456,Auto3218040.04
Auto23218042.0@qq.com,123456,Auto23218042.0
Auto3218043.95@126.com,123456,Auto3218043.95
Auto23218045.9@126.com,123456,Auto23218045.9
Auto3218047.89@126.com,123456,Auto3218047.89
Auto3218049.92@126.com,123456,Auto3218049.92
Auto3218051.89@163.com,123456,Auto3218051.89
Auto3218053.95@sina.com,123456,Auto3218053.95
Auto3218055.95@163.com,123456,Auto3218055.95
Auto3218057.91@sina.com,123456,Auto3218057.91
Auto3218059.97@126.com,123456,Auto3218059.97
Auto3218062.04@qq.com,123456,Auto3218062.04
Auto3218064.03@sina.com,123456,Auto3218064.03
Auto3218066.11@126.com,123456,Auto3218066.11
Auto3218068.19@163.com,123456,Auto3218068.19
Auto3218070.15@sina.com,123456,Auto3218070.15
Auto3218072.18@sina.com,123456,Auto3218072.18
Auto3218074.22@126.com,123456,Auto3218074.22
Auto3218076.21@126.com,123456,Auto3218076.21
Auto23218078.2@qq.com,123456,Auto23218078.2
Auto3218080.31@163.com,123456,Auto3218080.31
Auto3218082.29@sina.com,123456,Auto3218082.29
Auto3218084.25@qq.com,123456,Auto3218084.25
Auto3218086.33@126.com,123456,Auto3218086.33
Auto3218088.32@qq.com,123456,Auto3218088.32
Auto3218090.32@163.com,123456,Auto3218090.32
Auto3218092.34@qq.com,123456,Auto3218092.34
Auto3218094.32@qq.com,123456,Auto3218094.32
Auto3218096.27@sina.com,123456,Auto3218096.27
Auto3218098.25@126.com,123456,Auto3218098.25
Auto3218100.27@126.com,123456,Auto3218100.27
Auto3218102.24@qq.com,123456,Auto3218102.24
Auto3218104.28@126.com,123456,Auto3218104.28
Auto3218106.26@163.com,123456,Auto3218106.26
Auto3218108.18@qq.com,123456,Auto3218108.18
Auto3218110.24@sina.com,123456,Auto3218110.24
Auto3218112.17@sina.com,123456,Auto3218112.17
Auto3218114.11@qq.com,123456,Auto3218114.11
Auto3218116.19@qq.com,123456,Auto3218116.19
Auto3218118.21@sina.com,123456,Auto3218118.21
Auto3218120.17@163.com,123456,Auto3218120.18
Auto3218122.31@sina.com,123456,Auto3218122.31
Auto3218124.29@qq.com,123456,Auto3218124.29
Auto3218126.24@sina.com,123456,Auto3218126.24
Auto3218128.32@qq.com,123456,Auto3218128.32
Auto3218130.28@126.com,123456,Auto3218130.28
Auto3218132.24@126.com,123456,Auto3218132.24
Auto3218134.19@163.com,123456,Auto3218134.19
Auto3218136.29@126.com,123456,Auto3218136.29
Auto3218138.25@163.com,123456,Auto3218138.25
Auto3218140.26@sina.com,123456,Auto3218140.26
Auto23218142.2@qq.com,123456,Auto23218142.2
Auto3218144.15@163.com,123456,Auto3218144.15
Auto3218146.14@163.com,123456,Auto3218146.14
Auto3218148.11@sina.com,123456,Auto3218148.11
Auto3218150.07@sina.com,123456,Auto3218150.07
Auto3218152.01@126.com,123456,Auto3218152.01
Auto3218154.11@126.com,123456,Auto3218154.11
Auto3218156.07@126.com,123456,Auto3218156.07
Auto3218158.04@126.com,123456,Auto3218158.04
Auto3218160.17@163.com,123456,Auto3218160.17
Auto3218162.31@126.com,123456,Auto3218162.31
Auto3218164.28@163.com,123456,Auto3218164.28
Auto3218166.36@126.com,123456,Auto3218166.36
Auto3218168.41@sina.com,123456,Auto3218168.41
Auto23218170.4@sina.com,123456,Auto23218170.4
Auto3218172.33@sina.com,123456,Auto3218172.33
Auto23218174.5@sina.com,123456,Auto23218174.5
Auto3218176.57@126.com,123456,Auto3218176.57
Auto3218178.64@sina.com,123456,Auto3218178.64
Auto3218180.63@126.com,123456,Auto3218180.63
Auto3218182.73@126.com,123456,Auto3218182.73
Auto3218184.71@163.com,123456,Auto3218184.71
Auto3218186.68@qq.com,123456,Auto3218186.68
Auto3218188.67@qq.com,123456,Auto3218188.67
Auto3218190.62@qq.com,123456,Auto3218190.62
Auto3218192.59@126.com,123456,Auto3218192.59
Auto3218194.62@126.com,123456,Auto3218194.62
Auto3218196.63@qq.com,123456,Auto3218196.63
Auto3218198.57@163.com,123456,Auto3218198.57
Auto3218200.57@163.com,123456,Auto3218200.57
Auto3218202.54@sina.com,123456,Auto3218202.54
Auto3218204.59@qq.com,123456,Auto3218204.59
Auto23218206.6@126.com,123456,Auto23218206.6
Auto3218208.58@sina.com,123456,Auto3218208.58
Auto3218210.63@qq.com,123456,Auto3218210.63
Auto3218212.64@qq.com,123456,Auto3218212.64
Auto3218214.63@126.com,123456,Auto3218214.63
Auto3218216.74@qq.com,123456,Auto3218216.74
Auto3218218.89@sina.com,123456,Auto3218218.89
Auto3218220.89@sina.com,123456,Auto3218220.89
Auto3218222.96@126.com,123456,Auto3218222.96
Auto3218225.04@126.com,123456,Auto3218225.04
Auto3218227.02@sina.com,123456,Auto3218227.02
Auto3218229.12@sina.com,123456,Auto3218229.12
Auto3218231.12@163.com,123456,Auto3218231.12
Auto3218233.09@qq.com,123456,Auto3218233.09
Auto3218235.17@163.com,123456,Auto3218235.17
Auto3218237.18@sina.com,123456,Auto3218237.18
Auto3218239.16@sina.com,123456,Auto3218239.16
Auto3218241.19@163.com,123456,Auto3218241.19
Auto3218243.22@163.com,123456,Auto3218243.22
Auto3218245.19@qq.com,123456,Auto3218245.19
Auto3218247.17@qq.com,123456,Auto3218247.17
Auto3218249.43@sina.com,123456,Auto3218249.43
Auto3218251.44@163.com,123456,Auto3218251.44
Auto3218253.53@sina.com,123456,Auto3218253.53
Auto3218255.63@sina.com,123456,Auto3218255.63
Auto3218257.64@sina.com,123456,Auto3218257.64
Auto3218259.83@126.com,123456,Auto3218259.83
Auto3218261.87@sina.com,123456,Auto3218261.87
Auto3218263.84@qq.com,123456,Auto3218263.84
Auto3218265.86@qq.com,123456,Auto3218265.86
Auto23218268.0@sina.com,123456,Auto23218268.0
Auto3218269.99@126.com,123456,Auto3218269.99
Auto3218271.98@163.com,123456,Auto3218271.98
Auto23218274.1@126.com,123456,Auto23218274.1
Auto23218276.1@qq.com,123456,Auto23218276.1
Auto3218278.17@sina.com,123456,Auto3218278.17
Auto3218280.24@126.com,123456,Auto3218280.24
Auto3218282.21@sina.com,123456,Auto3218282.21
Auto3218284.17@sina.com,123456,Auto3218284.17
Auto3218286.35@qq.com,123456,Auto3218286.35
Auto3218288.31@sina.com,123456,Auto3218288.31
Auto3218290.28@sina.com,123456,Auto3218290.28
Auto3218292.39@126.com,123456,Auto3218292.39
Auto3218294.45@sina.com,123456,Auto3218294.45
Auto23218296.4@163.com,123456,Auto23218296.4
Auto3218298.43@126.com,123456,Auto3218298.43
Auto3218300.43@163.com,123456,Auto3218300.43
Auto3218302.43@126.com,123456,Auto3218302.43
Auto3218304.44@126.com,123456,Auto3218304.44
Auto3218306.42@sina.com,123456,Auto3218306.42
Auto3218308.41@126.com,123456,Auto3218308.41
Auto3218310.38@sina.com,123456,Auto3218310.38
Auto3218312.37@126.com,123456,Auto3218312.37
Auto3218314.16@qq.com,123456,Auto3218314.16
Auto3218316.26@126.com,123456,Auto3218316.26
Auto3218318.29@163.com,123456,Auto3218318.29
Auto3218320.28@126.com,123456,Auto3218320.28
Auto3218322.35@qq.com,123456,Auto3218322.35
Auto23218324.4@126.com,123456,Auto23218324.4
Auto23218326.4@163.com,123456,Auto23218326.4
Auto3218328.59@qq.com,123456,Auto3218328.59
Auto3218330.69@163.com,123456,Auto3218330.69
Auto3218332.71@163.com,123456,Auto3218332.71
Auto23218334.8@qq.com,123456,Auto23218334.8
Auto3218336.91@sina.com,123456,Auto3218336.91
Auto3218338.91@163.com,123456,Auto3218338.91
Auto3218340.98@sina.com,123456,Auto3218340.98
Auto3218342.96@126.com,123456,Auto3218342.96
Auto3218344.95@126.com,123456,Auto3218344.95
Auto3218347.07@qq.com,123456,Auto3218347.07
Auto3218349.13@126.com,123456,Auto3218349.13
Auto23218351.1@sina.com,123456,Auto23218351.1
Auto3218353.19@qq.com,123456,Auto3218353.19
Auto3218355.16@qq.com,123456,Auto3218355.16
Auto3218357.15@126.com,123456,Auto3218357.15
Auto3218359.25@sina.com,123456,Auto3218359.25
Auto3218361.41@qq.com,123456,Auto3218361.41
Auto3218364.08@126.com,123456,Auto3218364.08
Auto3218366.09@163.com,123456,Auto3218366.09
Auto3218368.07@qq.com,123456,Auto3218368.07
Auto3218370.02@sina.com,123456,Auto3218370.02
Auto23218372.1@163.com,123456,Auto23218372.1
Auto3218374.09@163.com,123456,Auto3218374.09
Auto3218376.08@qq.com,123456,Auto3218376.08
Auto3218378.14@126.com,123456,Auto3218378.14
Auto3218380.16@qq.com,123456,Auto3218380.16
Auto3218382.14@163.com,123456,Auto3218382.14
Auto3218384.21@126.com,123456,Auto3218384.21
Auto3218386.25@126.com,123456,Auto3218386.25
Auto3218388.26@126.com,123456,Auto3218388.26
Auto3218390.37@163.com,123456,Auto3218390.37
Auto3218392.42@sina.com,123456,Auto3218392.42
Auto3218394.41@sina.com,123456,Auto3218394.41
Auto3218396.54@qq.com,123456,Auto3218396.54
Auto3218398.61@sina.com,123456,Auto3218398.61
Auto3218400.59@126.com,123456,Auto3218400.59
Auto3218402.65@163.com,123456,Auto3218402.65
Auto3218404.76@163.com,123456,Auto3218404.76
Auto3218406.72@163.com,123456,Auto3218406.72
Auto3218408.66@qq.com,123456,Auto3218408.66
Auto3218410.87@163.com,123456,Auto3218410.87
Auto3218412.83@163.com,123456,Auto3218412.83
Auto3218414.83@126.com,123456,Auto3218414.83
Auto3218416.99@126.com,123456,Auto3218416.99
Auto3218418.98@qq.com,123456,Auto3218418.98
Auto3218420.96@126.com,123456,Auto3218420.96
Auto3218423.14@qq.com,123456,Auto3218423.14
Auto3218425.16@163.com,123456,Auto3218425.16
Auto23218427.2@126.com,123456,Auto23218427.2
Auto3218429.26@qq.com,123456,Auto3218429.26
Auto3218431.25@qq.com,123456,Auto3218431.25
Auto3218433.25@qq.com,123456,Auto3218433.25
Auto3218435.47@126.com,123456,Auto3218435.47
Auto3218437.47@163.com,123456,Auto3218437.47
Auto3218439.43@qq.com,123456,Auto3218439.43
Auto23218441.6@sina.com,123456,Auto23218441.6
Auto3218443.73@126.com,123456,Auto3218443.73
Auto3218445.77@sina.com,123456,Auto3218445.77
Auto3218447.83@163.com,123456,Auto3218447.83
Auto3218449.82@163.com,123456,Auto3218449.82
Auto23218451.8@163.com,123456,Auto23218451.8
Auto3218453.87@sina.com,123456,Auto3218453.87
Auto3218455.88@163.com,123456,Auto3218455.88
Auto3218457.84@126.com,123456,Auto3218457.84
Auto3218459.86@sina.com,123456,Auto3218459.86
Auto3218461.85@163.com,123456,Auto3218461.85
Auto3218463.81@sina.com,123456,Auto3218463.81
Auto3218465.82@126.com,123456,Auto3218465.82
Auto3218468.15@163.com,123456,Auto3218468.15
Auto3218470.14@sina.com,123456,Auto3218470.14
Auto3218472.14@qq.com,123456,Auto3218472.14
Auto3218474.15@sina.com,123456,Auto3218474.15
Auto3218476.13@qq.com,123456,Auto3218476.13
Auto3218478.13@qq.com,123456,Auto3218478.13
Auto3218480.12@126.com,123456,Auto3218480.12
Auto3218482.11@sina.com,123456,Auto3218482.11
Auto3218484.17@sina.com,123456,Auto3218484.17
Auto3218486.27@sina.com,123456,Auto3218486.27
Auto3218488.31@126.com,123456,Auto3218488.31
Auto3218490.41@qq.com,123456,Auto3218490.41
Auto3218492.43@sina.com,123456,Auto3218492.43
Auto3218494.38@126.com,123456,Auto3218494.38
Auto3218496.47@163.com,123456,Auto3218496.47
Auto3218498.52@163.com,123456,Auto3218498.52
Auto3218500.51@qq.com,123456,Auto3218500.51
Auto3218502.62@sina.com,123456,Auto3218502.62
Auto3218504.68@qq.com,123456,Auto3218504.68
Auto3218506.68@126.com,123456,Auto3218506.68
Auto3218508.77@126.com,123456,Auto3218508.77
Auto3218510.84@qq.com,123456,Auto3218510.84
Auto3218512.87@163.com,123456,Auto3218512.87
Auto3218515.02@126.com,123456,Auto3218515.02
Auto3218517.11@sina.com,123456,Auto3218517.11
Auto3218519.12@126.com,123456,Auto3218519.12
Auto3218521.22@163.com,123456,Auto3218521.22
Auto3218523.27@sina.com,123456,Auto3218523.27
Auto3218525.28@qq.com,123456,Auto3218525.28
Auto3218527.37@qq.com,123456,Auto3218527.37
Auto3218529.44@qq.com,123456,Auto3218529.44
Auto3218531.45@126.com,123456,Auto3218531.45
Auto3218533.54@126.com,123456,Auto3218533.54
Auto3218535.62@126.com,123456,Auto3218535.62
Auto3218537.64@qq.com,123456,Auto3218537.64
Auto3218539.76@qq.com,123456,Auto3218539.76
Auto23218541.8@sina.com,123456,Auto23218541.8
Auto3218543.78@sina.com,123456,Auto3218543.78
Auto3218545.94@qq.com,123456,Auto3218545.94
Auto3218548.08@163.com,123456,Auto3218548.08
Auto3218550.09@126.com,123456,Auto3218550.09
Auto3218552.22@163.com,123456,Auto3218552.22
Auto3218554.31@sina.com,123456,Auto3218554.31
Auto3218556.32@qq.com,123456,Auto3218556.32
Auto3218558.42@163.com,123456,Auto3218558.42
Auto3218560.52@sina.com,123456,Auto3218560.52
Auto3218562.52@sina.com,123456,Auto3218562.52
Auto3218564.63@163.com,123456,Auto3218564.63
Auto3218566.65@qq.com,123456,Auto3218566.65
Auto3218568.66@sina.com,123456,Auto3218568.66
Auto3218570.79@qq.com,123456,Auto3218570.79
Auto3218572.82@126.com,123456,Auto3218572.82
Auto23218574.8@qq.com,123456,Auto23218574.8
Auto23218576.9@126.com,123456,Auto23218576.9
Auto3218578.97@sina.com,123456,Auto3218578.97
Auto3218580.98@163.com,123456,Auto3218580.98
Auto3218583.08@qq.com,123456,Auto3218583.08
Auto3218585.18@163.com,123456,Auto3218585.18
Auto3218587.29@qq.com,123456,Auto3218587.29
Auto3218589.39@163.com,123456,Auto3218589.39
Auto3218591.47@qq.com,123456,Auto3218591.47
Auto23218593.5@sina.com,123456,Auto23218593.5
Auto3218595.59@qq.com,123456,Auto3218595.59
Auto23218597.8@qq.com,123456,Auto23218597.8
Auto23218599.8@163.com,123456,Auto23218599.8
Auto3218601.93@qq.com,123456,Auto3218601.93
Auto3218603.94@sina.com,123456,Auto3218603.94
Auto3218605.94@sina.com,123456,Auto3218605.94
Auto3218608.06@163.com,123456,Auto3218608.06
Auto3218610.08@qq.com,123456,Auto3218610.08
Auto3218612.06@qq.com,123456,Auto3218612.06
Auto3218614.18@126.com,123456,Auto3218614.18
Auto23218616.2@sina.com,123456,Auto23218616.2
Auto3218618.22@sina.com,123456,Auto3218618.22
Auto3218620.32@126.com,123456,Auto3218620.32
Auto23218622.5@sina.com,123456,Auto23218622.5
Auto3218624.46@163.com,123456,Auto3218624.46
Auto3218626.59@qq.com,123456,Auto3218626.59
Auto3218628.71@126.com,123456,Auto3218628.71
Auto3218630.72@126.com,123456,Auto3218630.72
Auto3218632.82@qq.com,123456,Auto3218632.82
Auto3218634.95@163.com,123456,Auto3218634.95
Auto3218636.97@qq.com,123456,Auto3218636.97
Auto23218639.1@sina.com,123456,Auto23218639.1
Auto3218641.16@163.com,123456,Auto3218641.16
Auto3218643.17@126.com,123456,Auto3218643.17
Auto3218645.24@sina.com,123456,Auto3218645.24
Auto3218647.23@sina.com,123456,Auto3218647.23
Auto3218649.23@126.com,123456,Auto3218649.23
Auto3218651.37@126.com,123456,Auto3218651.37
Auto3218653.43@163.com,123456,Auto3218653.43
Auto3218655.87@163.com,123456,Auto3218655.87
Auto3218657.96@qq.com,123456,Auto3218657.96
Auto3218660.06@sina.com,123456,Auto3218660.06
Auto3218662.07@126.com,123456,Auto3218662.07
Auto3218664.15@qq.com,123456,Auto3218664.15
Auto23218666.2@qq.com,123456,Auto23218666.2
Auto3218668.16@126.com,123456,Auto3218668.16
Auto3218670.32@126.com,123456,Auto3218670.32
